{"cameraMode":{"drawMode":0,"name":"Shaded","section":"Shading Mode"},"sceneLighting":false,"audioPlay":false,"sceneViewState":{"showFog":true,"showMaterialUpdate":false,"showSkybox":false,"showFlares":true,"showImageEffects":true,"showParticleSystems":true,"showVisualEffectGraphs":true,"m_FxEnabled":true},"in2DMode":false,"pivot":{"x":0.08711165189743042,"y":0.3475547730922699,"z":0.057883068919181827},"rotation":{"x":-0.12906910479068757,"y":-0.8300033211708069,"z":0.21503227949142457,"w":-0.498198002576828},"size":0.5076472163200378,"orthographic":false}